{
  "params": {
    "sl": -0.025,
    "ah": 0.8,
    "am": 1.5,
    "al": 2.0,
    "ax": 3.0,
    "td": 0.012,
    "pl": 0.01,
    "pr": 0.3,
    "dc": 0.22
  },
  "kelly": {
    "ret": 32.005940789126946,
    "wr": 55.54635761589404,
    "mdd": 38.014548117236465,
    "pf": 1.1598365403971727,
    "n": 1208
  },
  "no_kelly": {
    "ret": 92.39644050342656,
    "wr": 55.54635761589404,
    "mdd": 38.014548117236465,
    "pf": 1.1598365403971727,
    "n": 1208
  },
  "weights": [
    2,
    0,
    1,
    0,
    2,
    3,
    2,
    1,
    1,
    2
  ]
}