{
  "weights": [
    2,
    0,
    1,
    0,
    2,
    3,
    2,
    1,
    1,
    2
  ],
  "labels": [
    "ema",
    "rsi",
    "bb",
    "macd",
    "vol",
    "1h_trend",
    "regime",
    "stochrsi",
    "adx",
    "mean_rev"
  ],
  "result": {
    "ret": 124.8207164770957,
    "wr": 50.90470446320868,
    "mdd": 26.42304820066721,
    "n": 829,
    "pf": 1.1568224448284201
  },
  "score": 125.82259307266328
}